id,first_name,last_name,email,gender,country
1,Katuscha,Barrack,kbarrack0@narod.ru,Female,Armenia
2,Magdalene,Chaffer,mchaffer1@webmd.com,Female,China
3,Mable,Plain,mplain2@tamu.edu,Female,Indonesia
4,Kirstyn,Lannon,klannon3@github.com,Female,Portugal
5,Florette,Costigan,fcostigan4@topsy.com,Female,Aland Islands
6,Celesta,Suddock,csuddock5@guardian.co.uk,Female,Ethiopia
7,Sari,Todari,stodari6@themeforest.net,Female,Thailand
8,Ruddy,Gathercole,rgathercole7@barnesandnoble.com,Male,Indonesia
9,Camel,Roke,croke8@purevolume.com,Female,Philippines
10,Cynthea,Pinkstone,cpinkstone9@marriott.com,Female,Argentina
11,Elvin,Connew,econnewa@php.net,Male,Canada
12,Purcell,Mourge,pmourgeb@1und1.de,Male,Brazil
13,Lorens,Michelle,lmichellec@creativecommons.org,Male,Kenya
14,Frances,Humbles,fhumblesd@illinois.edu,Female,France
15,Carey,Dominguez,cdomingueze@amazon.de,Male,Argentina
16,Claretta,Hallowes,challowesf@bloomberg.com,Female,Russia
17,Caprice,Guess,cguessg@engadget.com,Female,Russia
18,Brittani,Duncklee,bdunckleeh@smugmug.com,Female,Bulgaria
19,Kahaleel,Clac,kclaci@infoseek.co.jp,Male,Argentina
20,Emmanuel,Bissiker,ebissikerj@craigslist.org,Male,Russia
21,Christoph,Hansmann,chansmannk@hugedomains.com,Male,Japan
22,Hardy,Ferrillo,hferrillol@businesswire.com,Male,Yemen
23,Orelie,Ridsdale,oridsdalem@deliciousdays.com,Female,Croatia
24,Papageno,Chaffe,pchaffen@earthlink.net,Male,Dominican Republic
25,Catherina,Shallcroff,cshallcroffo@newyorker.com,Female,Serbia
26,Farica,Delahunty,fdelahuntyp@arizona.edu,Female,Indonesia
27,Garek,Dalgarnocht,gdalgarnochtq@wufoo.com,Male,Peru
28,Corinna,Fowell,cfowellr@icio.us,Female,Canada
29,Marline,Jedrzejewicz,mjedrzejewiczs@businesswire.com,Female,Portugal
30,Helaine,Hartop,hhartopt@bizjournals.com,Female,Vietnam
31,Carmencita,Ashling,cashlingu@irs.gov,Female,Saudi Arabia
32,Devondra,Sodeau,dsodeauv@unicef.org,Female,Russia
33,Tracee,Huc,thucw@sciencedaily.com,Female,Greece
34,Pierrette,Sutor,psutorx@ehow.com,Female,Portugal
35,Roland,Blaxill,rblaxilly@tmall.com,Male,Indonesia
36,Huberto,Gatcliff,hgatcliffz@nih.gov,Male,Indonesia
37,Fina,Downing,fdowning10@surveymonkey.com,Female,Mauritius
38,Cory,Davidoff,cdavidoff11@icq.com,Female,France
39,Simonne,Issitt,sissitt12@creativecommons.org,Female,France
40,Albie,Blackler,ablackler13@issuu.com,Male,China
41,Barnie,Morphet,bmorphet14@merriam-webster.com,Male,Philippines
42,Benedetto,Simister,bsimister15@comsenz.com,Male,China
43,Geoffrey,Ilyuchyov,gilyuchyov16@ucoz.ru,Male,Nigeria
44,Cullin,Leil,cleil17@state.gov,Male,Philippines
45,Loydie,Witterick,lwitterick18@umich.edu,Male,Montenegro
46,Deeanne,Aslett,daslett19@nyu.edu,Female,Portugal
47,Filippo,Bulleyn,fbulleyn1a@upenn.edu,Male,Georgia
48,Darbee,Kort,dkort1b@dion.ne.jp,Male,Panama
49,Nickolai,Pochet,npochet1c@diigo.com,Male,Indonesia
50,Ailsun,Sorrel,asorrel1d@ebay.co.uk,Female,Ireland
51,Horatia,Moffett,hmoffett1e@alexa.com,Female,China
52,Elbert,Waltho,ewaltho1f@vimeo.com,Male,Philippines
53,Ros,Sprigging,rsprigging1g@wikimedia.org,Female,Bhutan
54,Tanny,Chaucer,tchaucer1h@photobucket.com,Male,Greece
55,Joya,Salkeld,jsalkeld1i@baidu.com,Female,Ukraine
56,Liane,Whyteman,lwhyteman1j@uiuc.edu,Female,Brazil
57,Genny,Marten,gmarten1k@washington.edu,Female,Tajikistan
58,Olin,Paula,opaula1l@gizmodo.com,Male,China
59,Emmet,Hadfield,ehadfield1m@ow.ly,Male,China
60,Duff,Ditts,dditts1n@nationalgeographic.com,Male,China
61,Melinda,Parish,mparish1o@domainmarket.com,Female,Czech Republic
62,Eleanor,O'Neal,eoneal1p@blinklist.com,Female,Ukraine
63,Ashien,Dayes,adayes1q@tmall.com,Female,Japan
64,Sara,McFarland,smcfarland1r@xrea.com,Female,Thailand
65,Kandy,Sher,ksher1s@nbcnews.com,Female,Russia
66,Britney,Give,bgive1t@hud.gov,Female,France
67,Kitti,Herries,kherries1u@tmall.com,Female,Peru
68,Drucie,Vevers,dvevers1v@cdbaby.com,Female,China
69,Rufe,Sloane,rsloane1w@guardian.co.uk,Male,Indonesia
70,Caryl,Ivermee,civermee1x@guardian.co.uk,Male,China
71,Shannon,Wisson,swisson1y@yolasite.com,Male,Russia
72,Valli,Skarr,vskarr1z@umn.edu,Female,Russia
73,Clarine,Janicijevic,cjanicijevic20@t-online.de,Female,China
74,Lorrayne,Flintiff,lflintiff21@infoseek.co.jp,Female,Indonesia
75,Alexander,de Guise,adeguise22@nbcnews.com,Male,Poland
76,Kalila,Bettaney,kbettaney23@qq.com,Female,Norway
77,Britteny,Brereton,bbrereton24@indiegogo.com,Female,Indonesia
78,Clarisse,Epple,cepple25@bloomberg.com,Female,Russia
79,Prissie,Montes,pmontes26@godaddy.com,Female,South Africa
80,Lyman,Dufton,ldufton27@fema.gov,Male,China
81,Leyla,Corkill,lcorkill28@google.es,Female,Ireland
82,Fletch,Van Baaren,fvanbaaren29@howstuffworks.com,Male,France
83,Claiborn,Millhouse,cmillhouse2a@bravesites.com,Male,China
84,Gusti,Fountaine,gfountaine2b@soundcloud.com,Female,Indonesia
85,Sophey,Wardell,swardell2c@washingtonpost.com,Female,Brazil
86,Tally,Pierro,tpierro2d@homestead.com,Male,Turkmenistan
87,Tabbie,Gooble,tgooble2e@illinois.edu,Male,Niger
88,Bartel,Bampfield,bbampfield2f@utexas.edu,Male,Portugal
89,Lenore,Ashley,lashley2g@nps.gov,Female,Finland
90,Andres,Holtom,aholtom2h@theglobeandmail.com,Male,Ukraine
91,Gayle,Brandacci,gbrandacci2i@bloomberg.com,Female,Argentina
92,Jenine,Peckitt,jpeckitt2j@xing.com,Female,Thailand
93,Olwen,D'Ugo,odugo2k@dedecms.com,Female,Japan
94,Pietro,Jarad,pjarad2l@dagondesign.com,Male,China
95,Constanta,Bente,cbente2m@cnn.com,Female,Indonesia
96,Ozzie,Ritelli,oritelli2n@vistaprint.com,Male,Russia
97,Brunhilde,Borham,bborham2o@ow.ly,Female,Philippines
98,Donna,Rimington,drimington2p@salon.com,Female,Western Sahara
99,Dominic,Cobbold,dcobbold2q@wired.com,Male,Peru
100,Melania,McKeller,mmckeller2r@nhs.uk,Female,Peru
101,Morgun,Arzu,marzu2s@creativecommons.org,Male,Lithuania
102,Gian,Karpenko,gkarpenko2t@harvard.edu,Male,China
103,Paulie,Allenby,pallenby2u@amazonaws.com,Male,Philippines
104,Milissent,Waleworke,mwaleworke2v@ezinearticles.com,Female,China
105,Liana,Rodway,lrodway2w@icio.us,Female,China
106,Aileen,Hammell,ahammell2x@hp.com,Female,China
107,Kalil,Woolforde,kwoolforde2y@berkeley.edu,Male,Sweden
108,Delcina,Husby,dhusby2z@rambler.ru,Female,Philippines
109,Tuck,Jeff,tjeff30@vk.com,Male,Finland
110,Prue,Kristufek,pkristufek31@over-blog.com,Female,China
111,Augustin,Rosenhaus,arosenhaus32@businesswire.com,Male,Japan
112,Charleen,Bothbie,cbothbie33@timesonline.co.uk,Female,China
113,Robert,Deneve,rdeneve34@archive.org,Male,Brazil
114,Zedekiah,Sprionghall,zsprionghall35@mediafire.com,Male,Philippines
115,Ailey,Jodlkowski,ajodlkowski36@jiathis.com,Female,Morocco
116,Grayce,Gold,ggold37@telegraph.co.uk,Female,Ireland
117,Ingamar,Ormesher,iormesher38@yandex.ru,Male,Thailand
118,Salomo,Vasin,svasin39@comsenz.com,Male,China
119,Bradly,Yukhtin,byukhtin3a@nymag.com,Male,Poland
120,Hewe,Devericks,hdevericks3b@themeforest.net,Male,French Polynesia
121,Gwenni,Fussell,gfussell3c@dell.com,Female,Central African Republic
122,Benito,Iddons,biddons3d@psu.edu,Male,Cameroon
123,Miguel,Dowry,mdowry3e@zdnet.com,Male,Sweden
124,Stanford,Bineham,sbineham3f@liveinternet.ru,Male,Russia
125,Sterling,Bonhill,sbonhill3g@theglobeandmail.com,Male,Indonesia
126,Kerry,Cathrall,kcathrall3h@virginia.edu,Male,Indonesia
127,Reggis,Scroggie,rscroggie3i@sakura.ne.jp,Male,Indonesia
128,Cornelle,Pauwel,cpauwel3j@sina.com.cn,Female,Russia
129,Ronna,Lutwidge,rlutwidge3k@amazon.com,Female,Indonesia
130,Ara,Arendsen,aarendsen3l@list-manage.com,Male,Indonesia
131,Freida,Bullock,fbullock3m@unc.edu,Female,Indonesia
132,Rebeka,Maudsley,rmaudsley3n@cbsnews.com,Female,Palestinian Territory
133,Emmi,Dymidowski,edymidowski3o@cam.ac.uk,Female,Russia
134,Verene,Smitheman,vsmitheman3p@oracle.com,Female,Brazil
135,Lucine,Mordie,lmordie3q@eventbrite.com,Female,Finland
136,Blythe,Gossart,bgossart3r@noaa.gov,Female,Pakistan
137,Ottilie,Paviour,opaviour3s@aol.com,Female,Philippines
138,Zarla,Ketchaside,zketchaside3t@google.com.br,Female,Philippines
139,Mathe,Rummins,mrummins3u@yahoo.co.jp,Male,Indonesia
140,Valentijn,Wigin,vwigin3v@scribd.com,Male,United States
141,Abbey,Folds,afolds3w@gizmodo.com,Female,China
142,Iorgo,Priter,ipriter3x@nationalgeographic.com,Male,United States
143,Sherwood,Mattes,smattes3y@timesonline.co.uk,Male,China
144,Darleen,Serjent,dserjent3z@bing.com,Female,Poland
145,Gerianne,Leah,gleah40@plala.or.jp,Female,Japan
146,Alard,Calley,acalley41@opera.com,Male,China
147,Darya,Roscamp,droscamp42@goo.ne.jp,Female,China
148,Guss,Langeren,glangeren43@ted.com,Male,Macedonia
149,Frederica,Franceschielli,ffranceschielli44@hatena.ne.jp,Female,United States
150,Raina,Widdison,rwiddison45@sciencedirect.com,Female,Tunisia
151,Lindy,Wharram,lwharram46@merriam-webster.com,Male,Indonesia
152,Muriel,Tweedlie,mtweedlie47@networksolutions.com,Female,Vietnam
153,Davie,Landsberg,dlandsberg48@soundcloud.com,Male,France
154,Sutton,Yard,syard49@nytimes.com,Male,Croatia
155,Roxana,Gosling,rgosling4a@sun.com,Female,China
156,Arlin,Cisland,acisland4b@taobao.com,Male,Kazakhstan
157,Anjanette,Shutle,ashutle4c@xinhuanet.com,Female,Czech Republic
158,Nissa,Potter,npotter4d@nymag.com,Female,Colombia
159,Chloette,Tidd,ctidd4e@phpbb.com,Female,Myanmar
160,Traci,Beeres,tbeeres4f@ehow.com,Female,Indonesia
161,Latashia,Buddles,lbuddles4g@scientificamerican.com,Female,Portugal
162,Jeanine,Munks,jmunks4h@squidoo.com,Female,Russia
163,Mattheus,Innman,minnman4i@vk.com,Male,China
164,Paulie,Cornford,pcornford4j@goo.gl,Female,China
165,Templeton,Fronek,tfronek4k@alexa.com,Male,Kyrgyzstan
166,Gil,Hrinchishin,ghrinchishin4l@webmd.com,Male,China
167,Georgie,Wolfendale,gwolfendale4m@sphinn.com,Male,Brazil
168,Merlina,I'anson,mianson4n@wordpress.org,Female,Philippines
169,Ranice,Delany,rdelany4o@miitbeian.gov.cn,Female,Indonesia
170,Marlee,Ernke,mernke4p@prlog.org,Female,Sierra Leone
171,Annabella,Sandcraft,asandcraft4q@hatena.ne.jp,Female,China
172,Joyce,Hamon,jhamon4r@unc.edu,Female,China
173,Kandace,Gaunson,kgaunson4s@multiply.com,Female,Cyprus
174,Towny,Casson,tcasson4t@bing.com,Male,Czech Republic
175,Tristan,Gallamore,tgallamore4u@house.gov,Male,Poland
176,Ham,Rizzini,hrizzini4v@un.org,Male,South Africa
177,Claudette,Yvon,cyvon4w@vinaora.com,Female,Philippines
178,Hughie,Gregore,hgregore4x@printfriendly.com,Male,Libya
179,Gus,Fenemore,gfenemore4y@imageshack.us,Male,China
180,Hastie,Ranaghan,hranaghan4z@elpais.com,Male,Sweden
181,Bar,Pray,bpray50@cyberchimps.com,Male,China
182,Vivie,Lebbern,vlebbern51@latimes.com,Female,China
183,Zedekiah,Linnard,zlinnard52@tamu.edu,Male,Sweden
184,Pennie,Phizackerly,pphizackerly53@bigcartel.com,Female,Bulgaria
185,Skip,Atton,satton54@cloudflare.com,Male,Sudan
186,Jobye,Twinn,jtwinn55@yandex.ru,Female,Thailand
187,Legra,Lantiffe,llantiffe56@kickstarter.com,Female,China
188,Pernell,Janczak,pjanczak57@icq.com,Male,China
189,Bobbye,Torrance,btorrance58@youtu.be,Female,China
190,Griffie,Agnolo,gagnolo59@myspace.com,Male,Japan
191,Cele,Gannicott,cgannicott5a@statcounter.com,Female,China
192,Trudey,Sterrie,tsterrie5b@ycombinator.com,Female,Bhutan
193,Frankie,Felgate,ffelgate5c@usa.gov,Female,France
194,Maighdiln,Lush,mlush5d@army.mil,Female,Czech Republic
195,Dani,Pettiford,dpettiford5e@cargocollective.com,Male,Ukraine
196,Shawn,Lavers,slavers5f@sciencedaily.com,Male,Macedonia
197,Dasi,Hayers,dhayers5g@mashable.com,Female,Yemen
198,Queenie,Skerman,qskerman5h@oakley.com,Female,Brazil
199,Page,Heinicke,pheinicke5i@google.co.jp,Male,Thailand
200,Tyrus,Bilbrey,tbilbrey5j@imgur.com,Male,Cuba
201,Carleton,Whysall,cwhysall5k@globo.com,Male,Morocco
202,Rebe,Elphinston,relphinston5l@soundcloud.com,Female,Iran
203,Bengt,Crosen,bcrosen5m@fc2.com,Male,Philippines
204,Hillie,Domingues,hdomingues5n@drupal.org,Male,Thailand
205,Willy,Van Weedenburg,wvanweedenburg5o@issuu.com,Female,United Arab Emirates
206,Cathie,Dutt,cdutt5p@fc2.com,Female,China
207,Vivie,Janks,vjanks5q@mashable.com,Female,Slovenia
208,Hart,Nisuis,hnisuis5r@google.co.jp,Male,Portugal
209,Wallie,Veldman,wveldman5s@jalbum.net,Male,Indonesia
210,Chloette,Pegden,cpegden5t@typepad.com,Female,Russia
211,Vivi,Pauletti,vpauletti5u@pen.io,Female,South Africa
212,Delcine,Stolberg,dstolberg5v@bbc.co.uk,Female,Cuba
213,Charity,Paunton,cpaunton5w@google.co.uk,Female,Indonesia
214,Sharline,How,show5x@umich.edu,Female,China
215,Ryley,Quinnelly,rquinnelly5y@parallels.com,Male,Canada
216,Jeddy,Chasmor,jchasmor5z@toplist.cz,Male,Indonesia
217,Alexia,Bignall,abignall60@army.mil,Female,Netherlands
218,Tracey,Batisse,tbatisse61@nifty.com,Female,Portugal
219,Cherise,Naper,cnaper62@mlb.com,Female,China
220,Baldwin,Tison,btison63@weebly.com,Male,Luxembourg
221,Grady,Snaddin,gsnaddin64@dailymotion.com,Male,China
222,Aloysius,Arkow,aarkow65@microsoft.com,Male,Finland
223,Abbott,Rampley,arampley66@goodreads.com,Male,China
224,Wright,Kabos,wkabos67@newyorker.com,Male,Russia
225,Daphene,Weitzel,dweitzel68@meetup.com,Female,France
226,Cly,Stedell,cstedell69@usda.gov,Male,Indonesia
227,Bethena,Blight,bblight6a@psu.edu,Female,Poland
228,Austina,Rawet,arawet6b@seattletimes.com,Female,Czech Republic
229,Chick,McGaughey,cmcgaughey6c@netscape.com,Male,Costa Rica
230,Goraud,Chedzoy,gchedzoy6d@chicagotribune.com,Male,Poland
231,Maxie,Chaplin,mchaplin6e@vk.com,Male,North Korea
232,Chevalier,Christin,cchristin6f@1688.com,Male,Mexico
233,Bud,Arenson,barenson6g@fda.gov,Male,Syria
234,Sheridan,Bolf,sbolf6h@java.com,Male,China
235,Ariel,McGrah,amcgrah6i@msu.edu,Female,Japan
236,Franchot,Ommanney,fommanney6j@amazon.co.uk,Male,Thailand
237,Harvey,Fishlock,hfishlock6k@virginia.edu,Male,Portugal
238,Grace,Jacke,gjacke6l@reuters.com,Female,Greece
239,Salaidh,Dipple,sdipple6m@tripadvisor.com,Female,Brazil
240,Nita,Bissiker,nbissiker6n@cnet.com,Female,China
241,Clement,Garbutt,cgarbutt6o@independent.co.uk,Male,China
242,Sancho,Ingry,singry6p@ed.gov,Male,Indonesia
243,Cyrill,Strattan,cstrattan6q@infoseek.co.jp,Male,Peru
244,Alard,Tarn,atarn6r@amazonaws.com,Male,China
245,Brewster,Cathel,bcathel6s@mapquest.com,Male,China
246,Davide,Sterndale,dsterndale6t@hao123.com,Male,China
247,Reine,Ellsworthe,rellsworthe6u@jugem.jp,Female,Canada
248,Katharyn,Bofield,kbofield6v@thetimes.co.uk,Female,Indonesia
249,Jeffry,Sikora,jsikora6w@google.cn,Male,Russia
250,Bary,Bierling,bbierling6x@virginia.edu,Male,Philippines
251,Silvester,Redhead,sredhead6y@edublogs.org,Male,Indonesia
252,Fair,Goold,fgoold6z@shinystat.com,Male,United States
253,Dasi,Timbrell,dtimbrell70@state.tx.us,Female,United States
254,Barry,Caygill,bcaygill71@nih.gov,Female,China
255,Eleanora,Spottswood,espottswood72@goodreads.com,Female,Morocco
256,Audrie,Brumwell,abrumwell73@twitpic.com,Female,Bulgaria
257,Tirrell,Izzat,tizzat74@ebay.com,Male,China
258,Alexandro,Baglow,abaglow75@edublogs.org,Male,Indonesia
259,Sam,Tofanini,stofanini76@deliciousdays.com,Female,China
260,Corine,Dober,cdober77@drupal.org,Female,Philippines
261,Iorgo,Sephton,isephton78@opera.com,Male,Paraguay
262,Bev,Noddle,bnoddle79@webs.com,Female,China
263,Erich,Lippard,elippard7a@archive.org,Male,Sweden
264,Zorana,Fischer,zfischer7b@barnesandnoble.com,Female,China
265,Osbourn,Ivamy,oivamy7c@blinklist.com,Male,Indonesia
266,Maurise,Brooker,mbrooker7d@buzzfeed.com,Male,Poland
267,Loree,O'Neil,loneil7e@unblog.fr,Female,Thailand
268,Roldan,Hallbird,rhallbird7f@omniture.com,Male,Sri Lanka
269,Charlotte,De Carteret,cdecarteret7g@yellowpages.com,Female,Indonesia
270,Thekla,Docksey,tdocksey7h@netlog.com,Female,China
271,Nathaniel,Brinicombe,nbrinicombe7i@nature.com,Male,China
272,Rochester,Shegog,rshegog7j@360.cn,Male,Russia
273,Nadine,Reubel,nreubel7k@seattletimes.com,Female,Russia
274,Dean,Stanes,dstanes7l@fc2.com,Male,Russia
275,Sigismondo,Heasman,sheasman7m@csmonitor.com,Male,Russia
276,Kent,Ronaghan,kronaghan7n@pen.io,Male,Portugal
277,Gisella,Towler,gtowler7o@bluehost.com,Female,Greece
278,Worden,Sandcroft,wsandcroft7p@who.int,Male,Brazil
279,Kelley,Lenoir,klenoir7q@forbes.com,Male,China
280,Wilhelm,Yakovliv,wyakovliv7r@artisteer.com,Male,China
281,Chalmers,Wombwell,cwombwell7s@themeforest.net,Male,Germany
282,Yehudit,Gaskill,ygaskill7t@google.es,Male,China
283,Wolfy,Mildner,wmildner7u@altervista.org,Male,Thailand
284,Cathrin,Rodgers,crodgers7v@globo.com,Female,China
285,Gail,Garey,ggarey7w@columbia.edu,Male,Netherlands
286,Nicole,Klemz,nklemz7x@zimbio.com,Female,China
287,Ileana,Pauletti,ipauletti7y@parallels.com,Female,Nigeria
288,Tymon,Tarpey,ttarpey7z@yahoo.com,Male,Ethiopia
289,Juliana,Mingame,jmingame80@pen.io,Female,China
290,Kelley,Bloore,kbloore81@oaic.gov.au,Male,France
291,Tades,Polfer,tpolfer82@jugem.jp,Male,Peru
292,Emmalynne,Aers,eaers83@mysql.com,Female,Malaysia
293,Allyce,Damper,adamper84@is.gd,Female,Indonesia
294,Donaugh,Pieters,dpieters85@w3.org,Male,China
295,Nathanael,Broomfield,nbroomfield86@google.de,Male,Argentina
296,Bennett,Shord,bshord87@instagram.com,Male,Georgia
297,Templeton,Glaisner,tglaisner88@blogs.com,Male,Poland
298,Ode,Basey,obasey89@webs.com,Male,Ukraine
299,Augy,Dofty,adofty8a@hhs.gov,Male,Indonesia
300,Roseann,Toffolini,rtoffolini8b@biglobe.ne.jp,Female,Ethiopia
301,Molli,Kiwitz,mkiwitz8c@1688.com,Female,Nigeria
302,Guy,Sket,gsket8d@nydailynews.com,Male,China
303,Benedetta,Tinmouth,btinmouth8e@aol.com,Female,China
304,Oneida,Cunningham,ocunningham8f@mysql.com,Female,China
305,Donelle,Rozet,drozet8g@bravesites.com,Female,Philippines
306,Brad,Braferton,bbraferton8h@infoseek.co.jp,Male,China
307,Ruy,MacAskill,rmacaskill8i@nasa.gov,Male,Argentina
308,Rhianon,Stolberg,rstolberg8j@japanpost.jp,Female,Indonesia
309,Tiphany,Wornham,twornham8k@trellian.com,Female,Brazil
310,Dael,Goldman,dgoldman8l@craigslist.org,Male,China
311,Madison,Tunnicliff,mtunnicliff8m@prnewswire.com,Male,Philippines
312,Aleta,Sorensen,asorensen8n@seesaa.net,Female,Indonesia
313,Lucinda,Phillips,lphillips8o@opera.com,Female,China
314,Osbourn,Montague,omontague8p@mail.ru,Male,Portugal
315,Sayre,Glassopp,sglassopp8q@stumbleupon.com,Male,China
316,Hollyanne,Wooderson,hwooderson8r@google.fr,Female,Poland
317,Wynn,Delnevo,wdelnevo8s@angelfire.com,Male,China
318,Rosette,Foulcher,rfoulcher8t@purevolume.com,Female,Philippines
319,Ingmar,Atkyns,iatkyns8u@cbc.ca,Male,Indonesia
320,Penelopa,Piatto,ppiatto8v@apache.org,Female,Ivory Coast
321,Alan,MacGorley,amacgorley8w@wix.com,Male,China
322,Hatty,Fossick,hfossick8x@ted.com,Female,Indonesia
323,Sadella,Guisby,sguisby8y@123-reg.co.uk,Female,Ireland
324,Arlana,Dron,adron8z@mozilla.com,Female,Russia
325,Padgett,Simonato,psimonato90@histats.com,Male,Argentina
326,Douglas,Symcock,dsymcock91@sbwire.com,Male,Indonesia
327,Lona,Czaja,lczaja92@nasa.gov,Female,Russia
328,Damita,Canadas,dcanadas93@yahoo.co.jp,Female,China
329,Anita,Severs,asevers94@timesonline.co.uk,Female,Philippines
330,Noam,Sweeny,nsweeny95@people.com.cn,Male,Indonesia
331,Ruby,Hurles,rhurles96@jimdo.com,Female,Indonesia
332,Natty,Kynston,nkynston97@wunderground.com,Female,United States
333,Sigismond,Malim,smalim98@mac.com,Male,Ukraine
334,Stearn,Wawer,swawer99@posterous.com,Male,China
335,Noell,Michurin,nmichurin9a@123-reg.co.uk,Female,Indonesia
336,Cleve,McGee,cmcgee9b@arstechnica.com,Male,Russia
337,Raphael,Coldbath,rcoldbath9c@utexas.edu,Male,Philippines
338,Ally,Prahm,aprahm9d@naver.com,Female,Indonesia
339,Robinson,Abson,rabson9e@microsoft.com,Male,Indonesia
340,Julee,Reeken,jreeken9f@prweb.com,Female,France
341,Phedra,Foden,pfoden9g@springer.com,Female,Spain
342,Elita,Plail,eplail9h@oaic.gov.au,Female,Ecuador
343,Niles,Watt,nwatt9i@qq.com,Male,Colombia
344,Gris,Crocumbe,gcrocumbe9j@stumbleupon.com,Male,Russia
345,Desmond,Pllu,dpllu9k@google.nl,Male,Costa Rica
346,Eb,Matyushkin,ematyushkin9l@eepurl.com,Male,Ukraine
347,Ebenezer,Brill,ebrill9m@examiner.com,Male,Philippines
348,Bobette,McFadden,bmcfadden9n@bravesites.com,Female,Czech Republic
349,Alvie,Braham,abraham9o@typepad.com,Male,Russia
350,Kial,Gahan,kgahan9p@senate.gov,Female,China
351,Adriano,Murcott,amurcott9q@reddit.com,Male,Indonesia
352,Demetrius,Tomankiewicz,dtomankiewicz9r@bigcartel.com,Male,Poland
353,Donn,Inch,dinch9s@wp.com,Male,Portugal
354,Noah,Osgood,nosgood9t@desdev.cn,Male,Honduras
355,Caron,Kunneke,ckunneke9u@mediafire.com,Female,China
356,Wandie,Horsley,whorsley9v@amazon.com,Female,United States
357,Evelyn,Boatright,eboatright9w@loc.gov,Male,Russia
358,Patti,Drable,pdrable9x@nps.gov,Female,Indonesia
359,Sylvan,McComas,smccomas9y@mac.com,Male,China
360,Gaspar,Chomicz,gchomicz9z@amazon.co.jp,Male,Tajikistan
361,Albrecht,Roon,aroona0@symantec.com,Male,Finland
362,Carmel,Darte,cdartea1@amazon.com,Female,China
363,Dierdre,Mahy,dmahya2@unblog.fr,Female,Costa Rica
364,Eimile,Matyatin,ematyatina3@dailymail.co.uk,Female,Tanzania
365,Jonathon,Lamlin,jlamlina4@time.com,Male,Czech Republic
366,Karolina,Neeve,kneevea5@salon.com,Female,Gambia
367,Cleavland,Fleet,cfleeta6@is.gd,Male,Malaysia
368,Perl,Cribbins,pcribbinsa7@homestead.com,Female,Panama
369,Herbie,Rheaume,hrheaumea8@guardian.co.uk,Male,China
370,Hailey,Verlinden,hverlindena9@360.cn,Male,France
371,Charlotte,Preator,cpreatoraa@columbia.edu,Female,Philippines
372,Sasha,Nicolson,snicolsonab@msu.edu,Male,Russia
373,Laraine,Pinshon,lpinshonac@meetup.com,Female,Portugal
374,Alexa,Barszczewski,abarszczewskiad@yellowbook.com,Female,Mexico
375,Raine,Uridge,ruridgeae@hud.gov,Female,Bulgaria
376,Melony,Gillbey,mgillbeyaf@t.co,Female,Morocco
377,Jeane,Mewrcik,jmewrcikag@yahoo.com,Female,China
378,Elke,Tampin,etampinah@addthis.com,Female,Djibouti
379,Owen,Crankhorn,ocrankhornai@tripadvisor.com,Male,Indonesia
380,Jere,De Gregorio,jdegregorioaj@vkontakte.ru,Male,Cuba
381,Bennie,Andrei,bandreiak@dailymail.co.uk,Female,Poland
382,Kimball,Julyan,kjulyanal@shinystat.com,Male,Philippines
383,Zared,Maginot,zmaginotam@youku.com,Male,Ukraine
384,Winnifred,Quinet,wquinetan@mozilla.org,Female,Malaysia
385,Merline,Flute,mfluteao@fastcompany.com,Female,China
386,Madeline,Lennarde,mlennardeap@homestead.com,Female,Indonesia
387,Kim,Keveren,kkeverenaq@kickstarter.com,Male,Botswana
388,Analise,Streather,astreatherar@patch.com,Female,Palestinian Territory
389,Gaven,Perell,gperellas@youtube.com,Male,Russia
390,Hinda,Carrabot,hcarrabotat@spotify.com,Female,China
391,Mari,Downage,mdownageau@marketwatch.com,Female,Japan
392,Christalle,Morgan,cmorganav@acquirethisname.com,Female,Poland
393,Garland,Ashbee,gashbeeaw@cdc.gov,Female,Poland
394,Ambur,Chipperfield,achipperfieldax@oaic.gov.au,Female,Poland
395,Mathew,Earnshaw,mearnshaway@joomla.org,Male,Czech Republic
396,Shoshanna,Canner,scanneraz@fastcompany.com,Female,Sudan
397,Mac,Schulkins,mschulkinsb0@bbc.co.uk,Male,Russia
398,Jerald,Housam,jhousamb1@kickstarter.com,Male,Brazil
399,Haskel,Eliaz,heliazb2@blogspot.com,Male,China
400,Mariette,Menichelli,mmenichellib3@mail.ru,Female,Japan
401,Paddy,Beglin,pbeglinb4@youtu.be,Male,United States
402,Carol-jean,Van Der Hoog,cvanderhoogb5@goo.gl,Female,Brazil
403,Wright,Midlar,wmidlarb6@nasa.gov,Male,Philippines
404,Doug,Hue,dhueb7@a8.net,Male,Canada
405,Tonia,Pinshon,tpinshonb8@utexas.edu,Female,Ukraine
406,Liana,Flancinbaum,lflancinbaumb9@elegantthemes.com,Female,Ukraine
407,Skippy,Mishaw,smishawba@ovh.net,Male,Brazil
408,Ulla,Syder,usyderbb@devhub.com,Female,Poland
409,Reeva,Carlesi,rcarlesibc@youtu.be,Female,Poland
410,Link,Pitford,lpitfordbd@google.com,Male,Poland
411,Wilton,Lewinton,wlewintonbe@oracle.com,Male,United States
412,Asher,MacCartair,amaccartairbf@hao123.com,Male,Russia
413,Wilfrid,Lampel,wlampelbg@godaddy.com,Male,Morocco
414,Chelsae,Martlew,cmartlewbh@techcrunch.com,Female,Brazil
415,Bay,Valasek,bvalasekbi@huffingtonpost.com,Male,Zambia
416,Hi,Worral,hworralbj@baidu.com,Male,United States
417,Barde,Swanger,bswangerbk@barnesandnoble.com,Male,Russia
418,Dorita,Bails,dbailsbl@squarespace.com,Female,China
419,Stepha,Ballance,sballancebm@sphinn.com,Female,Portugal
420,Edmund,Buckerfield,ebuckerfieldbn@time.com,Male,Russia
421,Molly,Gannicleff,mgannicleffbo@hhs.gov,Female,Comoros
422,Aviva,Bernasek,abernasekbp@miitbeian.gov.cn,Female,Slovenia
423,Bradley,Cleugh,bcleughbq@nhs.uk,Male,Egypt
424,Jarrid,Pryce,jprycebr@nsw.gov.au,Male,China
425,Lindsey,Cossom,lcossombs@github.io,Female,China
426,Ogdon,Danilov,odanilovbt@google.com,Male,Indonesia
427,Maggee,Brownbridge,mbrownbridgebu@example.com,Female,France
428,Arthur,Ewenson,aewensonbv@cnn.com,Male,Portugal
429,Desi,Dericot,ddericotbw@histats.com,Male,Indonesia
430,Bryn,Mabbott,bmabbottbx@mtv.com,Male,France
431,Klemens,Okenden,kokendenby@sogou.com,Male,Palestinian Territory
432,Moira,Rosenhaupt,mrosenhauptbz@com.com,Female,Serbia
433,Philbert,Parzis,pparzisc0@trellian.com,Male,Russia
434,Moe,Merryweather,mmerryweatherc1@telegraph.co.uk,Male,Syria
435,Emalee,Rawne,erawnec2@nytimes.com,Female,United States
436,Meg,Vye,mvyec3@imgur.com,Female,China
437,Zachary,Gillani,zgillanic4@cpanel.net,Male,Slovenia
438,Casi,Weller,cwellerc5@usda.gov,Female,China
439,Rip,Drewet,rdrewetc6@state.gov,Male,Brazil
440,Fair,Lewsie,flewsiec7@tripod.com,Male,Colombia
441,Fawn,Pellington,fpellingtonc8@yahoo.co.jp,Female,Libya
442,Oran,Craiker,ocraikerc9@e-recht24.de,Male,China
443,Barbara-anne,Jarrard,bjarrardca@ucsd.edu,Female,Portugal
444,Charita,Rotherforth,crotherforthcb@jiathis.com,Female,Peru
445,Maryann,Gerson,mgersoncc@archive.org,Female,China
446,Leann,Rame,lramecd@answers.com,Female,Palestinian Territory
447,Frederic,Angerstein,fangersteince@unesco.org,Male,Sierra Leone
448,Penni,Pembry,ppembrycf@ibm.com,Female,United States
449,Towney,Crewes,tcrewescg@istockphoto.com,Male,China
450,Tonie,Brindle,tbrindlech@ameblo.jp,Female,Morocco
451,Fran,Looby,floobyci@deviantart.com,Female,Sweden
452,Herculie,Audenis,haudeniscj@spiegel.de,Male,Vietnam
453,Noach,Salliss,nsallissck@biblegateway.com,Male,Croatia
454,Min,Pischof,mpischofcl@sfgate.com,Female,China
455,Chrysler,Konertz,ckonertzcm@facebook.com,Female,Sweden
456,Barnett,Scamal,bscamalcn@51.la,Male,Indonesia
457,Wye,Scobbie,wscobbieco@cdc.gov,Male,China
458,Nikolia,Maccrae,nmaccraecp@blogspot.com,Female,Philippines
459,Konstantin,Headan,kheadancq@msn.com,Male,Czech Republic
460,Eli,Thomtson,ethomtsoncr@vistaprint.com,Male,Philippines
461,Augusto,Machan,amachancs@infoseek.co.jp,Male,South Africa
462,Vinson,Ivery,viveryct@wikispaces.com,Male,Ivory Coast
463,Alida,Cisar,acisarcu@paypal.com,Female,Indonesia
464,Eleanore,Puttergill,eputtergillcv@irs.gov,Female,Poland
465,Ragnar,Roseman,rrosemancw@alibaba.com,Male,Indonesia
466,Dionis,Pittel,dpittelcx@bbb.org,Female,Indonesia
467,Cristen,Divall,cdivallcy@flickr.com,Female,Brazil
468,Karleen,Rummin,krummincz@china.com.cn,Female,China
469,Grace,Terry,gterryd0@sbwire.com,Female,Portugal
470,Gretel,Saylor,gsaylord1@independent.co.uk,Female,Brazil
471,Portia,Speirs,pspeirsd2@ihg.com,Female,Poland
472,Shalom,Stranks,sstranksd3@psu.edu,Male,Indonesia
473,Sawyer,Attock,sattockd4@ning.com,Male,Mexico
474,Ryun,Orbell,rorbelld5@cocolog-nifty.com,Male,United States
475,Andy,Agronski,aagronskid6@sitemeter.com,Female,Japan
476,Jobina,Breeton,jbreetond7@weather.com,Female,Finland
477,Cornall,Hens,chensd8@wired.com,Male,China
478,Willem,Gillogley,wgillogleyd9@cornell.edu,Male,Japan
479,Guilbert,Habercham,ghaberchamda@thetimes.co.uk,Male,Thailand
480,Willem,Windram,wwindramdb@taobao.com,Male,France
481,Hakeem,Tejero,htejerodc@mozilla.com,Male,Brazil
482,Daffie,Ettels,dettelsdd@cpanel.net,Female,Russia
483,Aurel,Crippill,acrippillde@howstuffworks.com,Female,Philippines
484,Franklyn,Del Dello,fdeldellodf@altervista.org,Male,United States
485,Prinz,Ashness,pashnessdg@apple.com,Male,Croatia
486,Dorey,Linder,dlinderdh@livejournal.com,Female,Pakistan
487,Karoly,Jobbings,kjobbingsdi@reddit.com,Male,France
488,Kristi,Trimby,ktrimbydj@4shared.com,Female,Indonesia
489,Eddie,Gallandre,egallandredk@dyndns.org,Male,Brazil
490,Regina,Dennick,rdennickdl@w3.org,Female,Poland
491,Bernardina,Murfett,bmurfettdm@about.com,Female,Russia
492,Willi,Rothera,wrotheradn@eventbrite.com,Male,Belarus
493,Dorolice,Culter,dculterdo@squarespace.com,Female,Philippines
494,Nola,Pieper,npieperdp@cyberchimps.com,Female,Serbia
495,Hervey,Van Hault,hvanhaultdq@slashdot.org,Male,Sri Lanka
496,Heida,Sharpe,hsharpedr@pbs.org,Female,Greece
497,Isidore,Horley,ihorleyds@nytimes.com,Male,Tunisia
498,Nettie,Churchward,nchurchwarddt@shinystat.com,Female,Russia
499,Josh,Macy,jmacydu@ovh.net,Male,Brazil
500,Minna,Mannion,mmanniondv@wix.com,Female,China
501,Zacharia,Pavier,zpavierdw@weibo.com,Male,Madagascar
502,Rudolph,Simoes,rsimoesdx@qq.com,Male,Philippines
503,Chick,Hornig,chornigdy@fastcompany.com,Male,Botswana
504,Gerianne,Blakesley,gblakesleydz@mtv.com,Female,China
505,Juana,Bacher,jbachere0@de.vu,Female,Belize
506,Randie,Fantonetti,rfantonettie1@shareasale.com,Male,Indonesia
507,Vivyan,Rosoman,vrosomane2@ox.ac.uk,Female,France
508,Meyer,Speddin,mspeddine3@state.tx.us,Male,Brazil
509,Biron,Tabram,btabrame4@facebook.com,Male,Philippines
510,Bathsheba,Knock,bknocke5@japanpost.jp,Female,Haiti
511,Sioux,Jandourek,sjandoureke6@ox.ac.uk,Female,Ukraine
512,Eustace,Paulazzi,epaulazzie7@psu.edu,Male,China
513,Lela,Leguay,lleguaye8@shareasale.com,Female,Colombia
514,Rachel,Larrie,rlarriee9@redcross.org,Female,France
515,Filip,Mateuszczyk,fmateuszczykea@chronoengine.com,Male,Vietnam
516,Tad,Coath,tcoatheb@google.ca,Male,Canada
517,Margalit,Latchmore,mlatchmoreec@opera.com,Female,China
518,Adolpho,Dipple,adippleed@google.de,Male,Poland
519,Pieter,Hutton,phuttonee@yahoo.com,Male,China
520,Danika,McConnal,dmcconnalef@mediafire.com,Female,Russia
521,Fabien,Ivanonko,fivanonkoeg@sciencedaily.com,Male,Portugal
522,Esme,Semken,esemkeneh@wiley.com,Male,Argentina
523,Shara,Lindsay,slindsayei@sourceforge.net,Female,Nicaragua
524,Bernadene,Yakuntzov,byakuntzovej@e-recht24.de,Female,Mexico
525,Pace,Houndson,phoundsonek@ebay.co.uk,Male,China
526,Jasen,Shalders,jshaldersel@thetimes.co.uk,Male,Philippines
527,Tallie,Pepperd,tpepperdem@naver.com,Female,Colombia
528,Sybille,Leynham,sleynhamen@theguardian.com,Female,China
529,Tandy,Drydale,tdrydaleeo@xinhuanet.com,Female,Thailand
530,Jessica,Danovich,jdanovichep@netscape.com,Female,China
531,Lorianne,Snoxall,lsnoxalleq@flavors.me,Female,Russia
532,Simon,Von Welldun,svonwellduner@google.fr,Male,Indonesia
533,Addy,Garlette,agarlettees@netlog.com,Female,Luxembourg
534,Ingeborg,Zipsell,izipsellet@deviantart.com,Female,Chile
535,Margy,Maleney,mmaleneyeu@newyorker.com,Female,Honduras
536,Carey,Critchell,ccritchellev@marriott.com,Male,Portugal
537,Benito,Merricks,bmerricksew@fotki.com,Male,China
538,Ganny,Crose,gcroseex@shutterfly.com,Male,Indonesia
539,Kimble,Corey,kcoreyey@umn.edu,Male,Peru
540,Leoine,Satchel,lsatchelez@tmall.com,Female,Djibouti
541,Royall,Gildea,rgildeaf0@netvibes.com,Male,Greece
542,Horatia,Hamshar,hhamsharf1@vkontakte.ru,Female,Philippines
543,Krysta,Mosdill,kmosdillf2@zdnet.com,Female,Argentina
544,Mohammed,Mauger,mmaugerf3@bigcartel.com,Male,China
545,Emogene,Withull,ewithullf4@freewebs.com,Female,Russia
546,Kare,Abrahmson,kabrahmsonf5@mozilla.org,Female,Argentina
547,Aila,Grgic,agrgicf6@washington.edu,Female,Philippines
548,Pip,Falvey,pfalveyf7@squarespace.com,Male,Brazil
549,Niko,Breddy,nbreddyf8@pagesperso-orange.fr,Male,Russia
550,Codie,Shevlane,cshevlanef9@ask.com,Male,Thailand
551,Kennedy,Clubbe,kclubbefa@zimbio.com,Male,Sierra Leone
552,Dredi,Morphey,dmorpheyfb@fc2.com,Female,Guatemala
553,Kelcie,Van Castele,kvancastelefc@slideshare.net,Female,China
554,Aprilette,Dolle,adollefd@simplemachines.org,Female,Indonesia
555,Marge,Bonnavant,mbonnavantfe@artisteer.com,Female,Yemen
556,Lemuel,Trodler,ltrodlerff@deliciousdays.com,Male,China
557,Velvet,Mephan,vmephanfg@goo.ne.jp,Female,Sweden
558,Briney,McFadzean,bmcfadzeanfh@biglobe.ne.jp,Female,Israel
559,Celisse,Varga,cvargafi@msn.com,Female,Yemen
560,Nolan,Rubinovitsch,nrubinovitschfj@cbc.ca,Male,Egypt
561,Tallia,Coe,tcoefk@naver.com,Female,Sweden
562,Marcos,McNiff,mmcnifffl@newsvine.com,Male,Macedonia
563,Padgett,Ruler,prulerfm@ucoz.com,Male,China
564,Stephie,Stowers,sstowersfn@yellowpages.com,Female,Philippines
565,Desirae,Milkeham,dmilkehamfo@abc.net.au,Female,Sweden
566,Alfie,Paliser,apaliserfp@about.com,Female,France
567,Tibold,Hurford,thurfordfq@ezinearticles.com,Male,Russia
568,Antoinette,Duffil,aduffilfr@utexas.edu,Female,Indonesia
569,Dulcea,Deans,ddeansfs@yale.edu,Female,China
570,Tanitansy,Priel,tprielft@reddit.com,Female,Poland
571,Gilberto,Glennon,gglennonfu@bbb.org,Male,China
572,Robyn,Brobeck,rbrobeckfv@blogspot.com,Female,Luxembourg
573,Nicole,Reisen,nreisenfw@ebay.co.uk,Female,Portugal
574,Marrilee,Bonnar,mbonnarfx@prnewswire.com,Female,Palestinian Territory
575,Lenard,Noraway,lnorawayfy@smugmug.com,Male,Indonesia
576,Cecelia,Swinney,cswinneyfz@alexa.com,Female,China
577,Dominic,Carless,dcarlessg0@jalbum.net,Male,Ecuador
578,Else,Newburn,enewburng1@indiatimes.com,Female,Cyprus
579,Itch,Karlolak,ikarlolakg2@is.gd,Male,Malaysia
580,Jarvis,Speedin,jspeeding3@wsj.com,Male,Canada
581,Gerda,Vogt,gvogtg4@soundcloud.com,Female,Ghana
582,Antone,Avramovich,aavramovichg5@scribd.com,Male,Japan
583,Collin,Boughtflower,cboughtflowerg6@scribd.com,Male,Poland
584,Bink,Mullany,bmullanyg7@mlb.com,Male,Indonesia
585,Ricky,Corteney,rcorteneyg8@ezinearticles.com,Female,Greece
586,Garvy,Stinson,gstinsong9@ihg.com,Male,Argentina
587,Cordy,Gilleson,cgillesonga@ustream.tv,Female,United States
588,Terri,Aylin,taylingb@friendfeed.com,Female,Finland
589,Sharon,Heggman,sheggmangc@un.org,Female,United States
590,Bron,Blaxley,bblaxleygd@github.com,Male,Colombia
591,Juliann,Covotto,jcovottoge@hao123.com,Female,Russia
592,Cam,Ivakhnov,civakhnovgf@github.com,Male,Finland
593,Nadiya,Scotchford,nscotchfordgg@webnode.com,Female,Ethiopia
594,Ugo,Goodenough,ugoodenoughgh@cam.ac.uk,Male,Norway
595,Foster,Sandom,fsandomgi@fda.gov,Male,Thailand
596,Joanna,Durbann,jdurbanngj@google.co.uk,Female,China
597,Tobi,Doorey,tdooreygk@jalbum.net,Female,China
598,Verney,Mulvy,vmulvygl@zimbio.com,Male,Russia
599,Lotte,Shirley,lshirleygm@ed.gov,Female,Brazil
600,Faye,Treske,ftreskegn@privacy.gov.au,Female,Mexico
601,Iosep,Gribbins,igribbinsgo@parallels.com,Male,Brazil
602,Quillan,Cave,qcavegp@scribd.com,Male,Philippines
603,Bianka,Coal,bcoalgq@jigsy.com,Female,Ukraine
604,Zelma,Hunting,zhuntinggr@constantcontact.com,Female,Philippines
605,Jori,Meron,jmerongs@marketwatch.com,Female,Philippines
606,Jephthah,Ziemsen,jziemsengt@naver.com,Male,Philippines
607,Kory,Brugemann,kbrugemanngu@wired.com,Male,China
608,Jobyna,Sangwin,jsangwingv@time.com,Female,Netherlands
609,Rana,Sazio,rsaziogw@vimeo.com,Female,United States
610,Renard,Alibone,ralibonegx@mapy.cz,Male,Sweden
611,Claiborn,Glyde,cglydegy@barnesandnoble.com,Male,Poland
612,Claudianus,Ferie,cferiegz@dyndns.org,Male,Kyrgyzstan
613,Bay,D'Aubney,bdaubneyh0@examiner.com,Male,Brazil
614,Bryn,Meth,bmethh1@noaa.gov,Male,Peru
615,Helen-elizabeth,Findlay,hfindlayh2@go.com,Female,Philippines
616,Iago,Rudman,irudmanh3@delicious.com,Male,Croatia
617,Jamill,Baert,jbaerth4@ehow.com,Male,Thailand
618,Syd,Quodling,squodlingh5@netlog.com,Male,Czech Republic
619,Torey,Held,theldh6@scientificamerican.com,Male,Zambia
620,Inge,Yarmouth,iyarmouthh7@ihg.com,Female,Nigeria
621,Emanuel,Pointin,epointinh8@geocities.com,Male,Sweden
622,Carroll,Hullot,chulloth9@pinterest.com,Female,Poland
623,Randell,Eaklee,reakleeha@taobao.com,Male,Ireland
624,Analiese,Rousby,arousbyhb@i2i.jp,Female,Indonesia
625,Jonathan,Weaben,jweabenhc@foxnews.com,Male,Namibia
626,Gearalt,Olekhov,golekhovhd@people.com.cn,Male,Russia
627,Odie,Quodling,oquodlinghe@trellian.com,Male,Brazil
628,Clo,Frunks,cfrunkshf@time.com,Female,Portugal
629,Shelby,Revens,srevenshg@miibeian.gov.cn,Male,Albania
630,Millicent,Cannam,mcannamhh@technorati.com,Female,China
631,Rosy,Kirwood,rkirwoodhi@weebly.com,Female,Russia
632,Darwin,Elkin,delkinhj@webs.com,Male,Dominican Republic
633,Seka,Baguley,sbaguleyhk@webmd.com,Female,China
634,Bertrand,Hedden,bheddenhl@photobucket.com,Male,China
635,Myrlene,Budgey,mbudgeyhm@g.co,Female,Indonesia
636,Theresa,Ruzic,truzichn@1und1.de,Female,Philippines
637,Lisetta,Karppi,lkarppiho@thetimes.co.uk,Female,China
638,Aundrea,St. Quentin,astquentinhp@house.gov,Female,Bosnia and Herzegovina
639,Siegfried,Dollar,sdollarhq@rediff.com,Male,Ireland
640,Rozanne,Enders,rendershr@digg.com,Female,Philippines
641,Upton,Danilenko,udanilenkohs@scientificamerican.com,Male,France
642,Fanny,Rapps,frappsht@netlog.com,Female,China
643,Brady,Seager,bseagerhu@eventbrite.com,Male,Angola
644,Peder,Grunbaum,pgrunbaumhv@domainmarket.com,Male,Brazil
645,Jae,Maydwell,jmaydwellhw@chron.com,Male,Poland
646,Doti,Leyton,dleytonhx@sfgate.com,Female,Japan
647,Nonah,Philbrook,nphilbrookhy@cafepress.com,Female,Croatia
648,Eldredge,Gildersleaves,egildersleaveshz@slideshare.net,Male,Indonesia
649,Bridget,Duggary,bduggaryi0@nps.gov,Female,Guinea
650,Alice,Allerton,aallertoni1@flickr.com,Female,Sweden
651,Bordie,Bernhardi,bbernhardii2@yale.edu,Male,Morocco
652,Annice,Swainsbury,aswainsburyi3@ca.gov,Female,Canada
653,Lavina,Roydon,lroydoni4@squarespace.com,Female,China
654,Sanson,Pashen,spasheni5@china.com.cn,Male,Russia
655,Ardella,Rowes,arowesi6@last.fm,Female,Bolivia
656,Quill,Junkinson,qjunkinsoni7@mapquest.com,Male,Ukraine
657,Arnie,Hymers,ahymersi8@instagram.com,Male,United States
658,Gilly,Pellamonuten,gpellamonuteni9@wisc.edu,Female,Poland
659,Walker,Braams,wbraamsia@360.cn,Male,Cameroon
660,Banky,Padwick,bpadwickib@imageshack.us,Male,Indonesia
661,Welbie,Lyburn,wlyburnic@rakuten.co.jp,Male,Indonesia
662,Dorothy,Durrant,ddurrantid@ning.com,Female,Argentina
663,Jobey,Janaszkiewicz,jjanaszkiewiczie@rediff.com,Female,France
664,Ania,Pawlicki,apawlickiif@ed.gov,Female,Philippines
665,Heath,Marklow,hmarklowig@sakura.ne.jp,Female,Russia
666,Valida,Hawkswell,vhawkswellih@discuz.net,Female,China
667,Padget,Ginnally,pginnallyii@live.com,Male,Indonesia
668,Mylo,Yosifov,myosifovij@imgur.com,Male,New Caledonia
669,Ev,Causley,ecausleyik@whitehouse.gov,Male,Brazil
670,Boot,Schapiro,bschapiroil@homestead.com,Male,China
671,Cynthia,St. Queintain,cstqueintainim@wix.com,Female,Russia
672,Danya,Hort,dhortin@google.com,Male,Argentina
673,Devi,Craydon,dcraydonio@dion.ne.jp,Female,Benin
674,Raymond,Whitcomb,rwhitcombip@mysql.com,Male,Philippines
675,Georgeanne,Burwin,gburwiniq@msu.edu,Female,Poland
676,Merrel,Bellamy,mbellamyir@blogspot.com,Male,Guatemala
677,Toddie,Jenno,tjennois@slashdot.org,Male,China
678,Sam,Tranter,stranterit@webnode.com,Male,China
679,Kipper,Maiklem,kmaiklemiu@sciencedaily.com,Male,Philippines
680,Janey,Elcum,jelcumiv@ted.com,Female,Philippines
681,Aubrie,Hamshar,ahamshariw@mysql.com,Female,Poland
682,Ernaline,McMenamy,emcmenamyix@google.cn,Female,Thailand
683,Natalya,Marzelo,nmarzeloiy@themeforest.net,Female,France
684,Mario,Doncaster,mdoncasteriz@jigsy.com,Male,Malaysia
685,Aggy,Janku,ajankuj0@nationalgeographic.com,Female,United States
686,Cherin,Von Welldun,cvonwelldunj1@clickbank.net,Female,China
687,Rey,Haveline,rhavelinej2@bravesites.com,Female,China
688,Gaynor,Chippindale,gchippindalej3@cloudflare.com,Female,Peru
689,Jamesy,Blaxeland,jblaxelandj4@wsj.com,Male,Czech Republic
690,Chrissy,Diable,cdiablej5@altervista.org,Male,Ukraine
691,Martita,Marcq,mmarcqj6@hud.gov,Female,Bosnia and Herzegovina
692,Roddy,MacGillivray,rmacgillivrayj7@homestead.com,Male,Indonesia
693,Hillier,Linsey,hlinseyj8@live.com,Male,China
694,Matilda,Sames,msamesj9@usda.gov,Female,United States
695,Pauly,Basso,pbassoja@addtoany.com,Female,Indonesia
696,Drusie,Gosney,dgosneyjb@sfgate.com,Female,China
697,Edy,Yurkov,eyurkovjc@addthis.com,Female,Thailand
698,Fredek,Dudman,fdudmanjd@ezinearticles.com,Male,Russia
699,Abelard,Bentjens,abentjensje@canalblog.com,Male,China
700,Abbot,List,alistjf@phpbb.com,Male,Zimbabwe
701,Ingemar,Drabble,idrabblejg@angelfire.com,Male,Nigeria
702,Morgan,Bricksey,mbrickseyjh@msu.edu,Male,Thailand
703,Penelope,Toombes,ptoombesji@tinypic.com,Female,China
704,Emogene,Korpal,ekorpaljj@webnode.com,Female,China
705,Arvin,Gammack,agammackjk@ovh.net,Male,Czech Republic
706,Dunstan,Quade,dquadejl@baidu.com,Male,Russia
707,Colleen,Camplin,ccamplinjm@constantcontact.com,Female,Indonesia
708,Arnuad,Flanigan,aflaniganjn@topsy.com,Male,Ukraine
709,Corissa,Twitty,ctwittyjo@tamu.edu,Female,China
710,Kali,Lang,klangjp@furl.net,Female,Brazil
711,Michail,Juszczyk,mjuszczykjq@cloudflare.com,Male,Guam
712,Odele,Nichol,onicholjr@dailymail.co.uk,Female,Indonesia
713,Dominik,Camfield,dcamfieldjs@globo.com,Male,South Korea
714,Erma,Roderham,eroderhamjt@china.com.cn,Female,Czech Republic
715,Pooh,Spencers,pspencersju@e-recht24.de,Female,France
716,Brig,Romero,bromerojv@weibo.com,Male,France
717,Tiebout,Royle,troylejw@google.com.br,Male,Poland
718,Jolie,Jessopp,jjessoppjx@tiny.cc,Female,Japan
719,Wendeline,Lachaize,wlachaizejy@ask.com,Female,China
720,Celene,Dudeney,cdudeneyjz@ucoz.com,Female,Denmark
721,Olympie,Sommerly,osommerlyk0@prnewswire.com,Female,Panama
722,Jefferson,Tesmond,jtesmondk1@un.org,Male,China
723,Dallon,Banbury,dbanburyk2@yellowbook.com,Male,Ukraine
724,Killie,Keddy,kkeddyk3@moonfruit.com,Male,Ukraine
725,Daren,Toderi,dtoderik4@myspace.com,Male,Philippines
726,Bryanty,Baxstar,bbaxstark5@naver.com,Male,Macedonia
727,Reggis,Danielut,rdanielutk6@baidu.com,Male,Palestinian Territory
728,Garry,Darkins,gdarkinsk7@wiley.com,Male,China
729,Charil,Yesichev,cyesichevk8@gmpg.org,Female,Jamaica
730,Adda,Downie,adowniek9@posterous.com,Female,United Kingdom
731,Magdalene,Bownass,mbownasska@mac.com,Female,Bulgaria
732,Dev,Massy,dmassykb@mapquest.com,Male,China
733,Jodi,Durante,jdurantekc@apple.com,Male,Portugal
734,Tessy,Grieveson,tgrievesonkd@skype.com,Female,Croatia
735,Guillermo,Mander,gmanderke@over-blog.com,Male,Indonesia
736,Panchito,Ogglebie,pogglebiekf@sitemeter.com,Male,United States
737,Lona,Claus,lclauskg@ca.gov,Female,Russia
738,Conni,Suttill,csuttillkh@house.gov,Female,Poland
739,Guglielmo,Sexstone,gsexstoneki@cmu.edu,Male,Philippines
740,Enrique,MacMenamy,emacmenamykj@flickr.com,Male,Russia
741,Olive,Lagneaux,olagneauxkk@wikimedia.org,Female,Macedonia
742,Lyn,Bourrel,lbourrelkl@domainmarket.com,Male,Russia
743,Lorant,Gricks,lgrickskm@printfriendly.com,Male,Poland
744,Craggy,Sillars,csillarskn@phoca.cz,Male,Poland
745,Rodge,Carlozzi,rcarlozziko@bloglovin.com,Male,United States
746,Findley,Nester,fnesterkp@archive.org,Male,France
747,Glennie,Sutterfield,gsutterfieldkq@quantcast.com,Female,Indonesia
748,Desmond,Bonny,dbonnykr@nih.gov,Male,Japan
749,Renado,Kings,rkingsks@dell.com,Male,Estonia
750,Esmaria,Boyall,eboyallkt@people.com.cn,Female,China
751,Adina,Danko,adankoku@mediafire.com,Female,Indonesia
752,Sorcha,Genthner,sgenthnerkv@blinklist.com,Female,South Korea
753,Hynda,Sate,hsatekw@state.tx.us,Female,Indonesia
754,Kaleena,Grolmann,kgrolmannkx@hhs.gov,Female,Bulgaria
755,Benedick,Heber,bheberky@oakley.com,Male,China
756,Cash,Mulholland,cmulhollandkz@angelfire.com,Male,Uganda
757,Putnam,Henrion,phenrionl0@ft.com,Male,Russia
758,Darb,Folling,dfollingl1@hubpages.com,Male,Indonesia
759,Benedetto,Found,bfoundl2@utexas.edu,Male,Sweden
760,Den,Horburgh,dhorburghl3@reference.com,Male,Poland
761,Ernestine,Foxcroft,efoxcroftl4@last.fm,Female,Sudan
762,Rich,Peterken,rpeterkenl5@bandcamp.com,Male,Philippines
763,Mireielle,Franciskiewicz,mfranciskiewiczl6@amazon.com,Female,Angola
764,D'arcy,Todari,dtodaril7@mysql.com,Male,China
765,Levey,Levitt,llevittl8@ft.com,Male,China
766,Ivar,Tapin,itapinl9@de.vu,Male,Peru
767,Helga,Bomfield,hbomfieldla@google.it,Female,Philippines
768,Jesse,Esterbrook,jesterbrooklb@ehow.com,Female,Serbia
769,Myranda,Adrienne,madriennelc@digg.com,Female,China
770,Olvan,Sinton,osintonld@ebay.com,Male,China
771,Lloyd,Duckworth,lduckworthle@instagram.com,Male,China
772,Sonny,Hedlestone,shedlestonelf@wikimedia.org,Female,France
773,Jakob,Mealham,jmealhamlg@sphinn.com,Male,Russia
774,Mikael,Jaggers,mjaggerslh@indiegogo.com,Male,Niger
775,Papagena,Lindman,plindmanli@ftc.gov,Female,Portugal
776,Royal,Trett,rtrettlj@vk.com,Male,Poland
777,Agatha,Shird,ashirdlk@army.mil,Female,Indonesia
778,Ash,Skone,askonell@dropbox.com,Male,Brazil
779,Clementius,Whitehouse,cwhitehouselm@msn.com,Male,China
780,Wilone,Billion,wbillionln@state.gov,Female,China
781,Margalo,Volet,mvoletlo@123-reg.co.uk,Female,China
782,Colby,Lafaye,clafayelp@123-reg.co.uk,Male,Indonesia
783,Blondell,Hallum,bhallumlq@sakura.ne.jp,Female,China
784,Vladimir,Collingdon,vcollingdonlr@rambler.ru,Male,Indonesia
785,Kassia,Leyborne,kleybornels@wufoo.com,Female,Indonesia
786,Richart,Ruffey,rruffeylt@tinyurl.com,Male,Philippines
787,Berty,Balhatchet,bbalhatchetlu@wikipedia.org,Male,Ireland
788,David,Petrelli,dpetrellilv@51.la,Male,China
789,Lettie,Blunden,lblundenlw@bandcamp.com,Female,China
790,Benedicto,McColgan,bmccolganlx@nymag.com,Male,Madagascar
791,Fabien,Abrey,fabreyly@360.cn,Male,Argentina
792,Bing,Hatt,bhattlz@spiegel.de,Male,Peru
793,Shannan,Mapstone,smapstonem0@nasa.gov,Male,Russia
794,Benedict,Braime,bbraimem1@fema.gov,Male,Pakistan
795,Karolina,Toyne,ktoynem2@sitemeter.com,Female,Japan
796,Ludovico,Pickaver,lpickaverm3@fema.gov,Male,Portugal
797,Onfroi,Codi,ocodim4@hhs.gov,Male,Philippines
798,Ethelin,Wildes,ewildesm5@fda.gov,Female,China
799,Harmony,Radband,hradbandm6@cyberchimps.com,Female,Costa Rica
800,Lura,Braniff,lbraniffm7@netvibes.com,Female,Switzerland
801,Johnathon,MacQueen,jmacqueenm8@mysql.com,Male,China
802,Jeffrey,Hargraves,jhargravesm9@free.fr,Male,United States
803,Kristopher,Kay,kkayma@altervista.org,Male,Indonesia
804,Rebekah,Pitblado,rpitbladomb@unc.edu,Female,Jamaica
805,Robena,Colbeck,rcolbeckmc@nih.gov,Female,Brazil
806,Euell,Aguirrezabal,eaguirrezabalmd@miitbeian.gov.cn,Male,Indonesia
807,Nicholas,Cramphorn,ncramphornme@smugmug.com,Male,Russia
808,Katerine,Falkner,kfalknermf@wisc.edu,Female,South Korea
809,Izak,O'Regan,ioreganmg@instagram.com,Male,China
810,Natalie,Murfill,nmurfillmh@opera.com,Female,Greece
811,Helyn,Rootes,hrootesmi@reverbnation.com,Female,China
812,Angelina,Mance,amancemj@vk.com,Female,Sri Lanka
813,Jeanine,Rudeyeard,jrudeyeardmk@engadget.com,Female,China
814,Paulo,Ferens,pferensml@homestead.com,Male,Poland
815,Avrom,Standbridge,astandbridgemm@myspace.com,Male,Uzbekistan
816,Orv,Pither,opithermn@senate.gov,Male,Jamaica
817,Janaye,Keyse,jkeysemo@pcworld.com,Female,Germany
818,Giraud,Van Salzberger,gvansalzbergermp@mayoclinic.com,Male,Argentina
819,Perla,Touson,ptousonmq@wordpress.org,Female,Poland
820,Bard,Struijs,bstruijsmr@slideshare.net,Male,China
821,Robb,Flew,rflewms@google.co.jp,Male,Philippines
822,Isabel,Jordin,ijordinmt@pagesperso-orange.fr,Female,Philippines
823,Kaila,Preon,kpreonmu@myspace.com,Female,Mongolia
824,Vivi,Skeene,vskeenemv@hao123.com,Female,Portugal
825,Stormi,Highnam,shighnammw@imgur.com,Female,Georgia
826,Shepherd,Hanscombe,shanscombemx@mlb.com,Male,Indonesia
827,Corie,Cobden,ccobdenmy@netvibes.com,Female,Venezuela
828,Harlie,Daveridge,hdaveridgemz@spotify.com,Female,Argentina
829,Desiree,Bome,dbomen0@technorati.com,Female,Lebanon
830,Lombard,Doelle,ldoellen1@marketwatch.com,Male,China
831,Grannie,Barroux,gbarrouxn2@jimdo.com,Male,China
832,Garvey,Gopsall,ggopsalln3@nytimes.com,Male,Chad
833,Dita,Sclanders,dsclandersn4@bbc.co.uk,Female,China
834,Karlene,Mityashin,kmityashinn5@go.com,Female,Brazil
835,Hyacinth,Wallis,hwallisn6@myspace.com,Female,China
836,Cathe,Baugham,cbaughamn7@newsvine.com,Female,Portugal
837,Lancelot,Frankes,lfrankesn8@privacy.gov.au,Male,South Korea
838,Sayre,Killingbeck,skillingbeckn9@merriam-webster.com,Male,Peru
839,Tiffani,Collacombe,tcollacombena@google.nl,Female,Marshall Islands
840,Trish,Corriea,tcorrieanb@vistaprint.com,Female,Nigeria
841,Thorpe,Scorthorne,tscorthornenc@reference.com,Male,Ukraine
842,Beverley,Beazley,bbeazleynd@yelp.com,Female,Indonesia
843,Nial,Pollicote,npollicotene@cargocollective.com,Male,Chile
844,Pippa,Tothacot,ptothacotnf@seesaa.net,Female,Philippines
845,Paula,Grisard,pgrisardng@shutterfly.com,Female,China
846,Nigel,Twinborough,ntwinboroughnh@wunderground.com,Male,Zimbabwe
847,Rahal,Jolly,rjollyni@google.com,Female,China
848,Dagmar,Geekin,dgeekinnj@php.net,Female,Panama
849,Berny,Terris,bterrisnk@japanpost.jp,Male,China
850,Pattin,Gladstone,pgladstonenl@cnn.com,Male,France
851,Marybelle,Deetlof,mdeetlofnm@dyndns.org,Female,Canada
852,Ally,Silby,asilbynn@lycos.com,Female,Morocco
853,Manya,Fundell,mfundellno@un.org,Female,Peru
854,Sebastien,Persehouse,spersehousenp@photobucket.com,Male,Thailand
855,Ellis,Hecks,ehecksnq@edublogs.org,Male,Canada
856,Annissa,Pearmain,apearmainnr@biblegateway.com,Female,Indonesia
857,Berthe,Duplain,bduplainns@berkeley.edu,Female,China
858,Collie,Leinster,cleinsternt@mysql.com,Female,Japan
859,Woodie,Surgener,wsurgenernu@army.mil,Male,Russia
860,Salem,Giroldo,sgiroldonv@symantec.com,Male,China
861,Heddi,Dolley,hdolleynw@xing.com,Female,China
862,Kaitlynn,Mapp,kmappnx@forbes.com,Female,Philippines
863,Hedvig,Churchley,hchurchleyny@gizmodo.com,Female,Slovenia
864,Bianka,Weems,bweemsnz@msn.com,Female,Indonesia
865,Glenden,Short,gshorto0@gmpg.org,Male,Canada
866,Nealy,Lovel,nlovelo1@slideshare.net,Male,Finland
867,Joli,Philipsson,jphilipssono2@newyorker.com,Female,Brazil
868,Carlin,Lohering,cloheringo3@youtu.be,Female,China
869,L;urette,Faughnan,lfaughnano4@nba.com,Female,Japan
870,Lowrance,Brewse,lbrewseo5@ifeng.com,Male,Japan
871,Christel,Kramer,ckramero6@plala.or.jp,Female,China
872,Deck,Gutman,dgutmano7@xing.com,Male,Indonesia
873,Zacharie,McGourty,zmcgourtyo8@netvibes.com,Male,Portugal
874,Claudius,Graves,cgraveso9@netlog.com,Male,Poland
875,Kurt,Schruur,kschruuroa@godaddy.com,Male,Iran
876,Yasmeen,Sturgis,ysturgisob@networksolutions.com,Female,France
877,Ruby,Canfer,rcanferoc@opera.com,Female,Indonesia
878,Liane,Reisk,lreiskod@accuweather.com,Female,Finland
879,Gordie,Wastell,gwastelloe@ebay.com,Male,Colombia
880,Cash,Sneesby,csneesbyof@drupal.org,Male,Indonesia
881,Orrin,Moncreiff,omoncreiffog@pbs.org,Male,Indonesia
882,Clint,Haensel,chaenseloh@usatoday.com,Male,Serbia
883,Yancy,Neumann,yneumannoi@salon.com,Male,Bangladesh
884,Winfield,McConnel,wmcconneloj@buzzfeed.com,Male,Colombia
885,Waylen,Hauck,whauckok@archive.org,Male,Venezuela
886,Fran,Canto,fcantool@gravatar.com,Male,Philippines
887,Myrta,McClinton,mmcclintonom@washingtonpost.com,Female,United States
888,Malinde,Tomasik,mtomasikon@ca.gov,Female,China
889,Padraic,Stacy,pstacyoo@vimeo.com,Male,Brazil
890,Cullin,Suckling,csucklingop@booking.com,Male,Czech Republic
891,Stillmann,Ivan,sivanoq@utexas.edu,Male,Portugal
892,Bryant,Le Friec,blefriecor@scientificamerican.com,Male,Russia
893,Myrlene,Strudwick,mstrudwickos@virginia.edu,Female,Indonesia
894,Mahmoud,Mattson,mmattsonot@washington.edu,Male,China
895,Georgeanne,Allan,gallanou@huffingtonpost.com,Female,Peru
896,Leilah,Maso,lmasoov@csmonitor.com,Female,United States
897,Hartwell,Chateau,hchateauow@rambler.ru,Male,Pakistan
898,Franciska,Goozee,fgoozeeox@mapquest.com,Female,Japan
899,Andie,Gregorace,agregoraceoy@sitemeter.com,Male,Thailand
900,Valentin,Resdale,vresdaleoz@themeforest.net,Male,Colombia
901,Juliane,Bockman,jbockmanp0@craigslist.org,Female,Brazil
902,Clarisse,Troak,ctroakp1@xrea.com,Female,Venezuela
903,Hort,Blabie,hblabiep2@tiny.cc,Male,Portugal
904,Eugene,Landman,elandmanp3@cocolog-nifty.com,Male,Netherlands
905,Winslow,Remirez,wremirezp4@china.com.cn,Male,Mexico
906,Theodor,Antoons,tantoonsp5@pen.io,Male,China
907,Willie,Vernalls,wvernallsp6@about.me,Female,China
908,Elga,Tolomelli,etolomellip7@devhub.com,Female,France
909,Berte,Worsell,bworsellp8@house.gov,Female,Czech Republic
910,Sigismundo,Geddes,sgeddesp9@ebay.co.uk,Male,Peru
911,Skipper,Massen,smassenpa@europa.eu,Male,Argentina
912,Clerc,Ranson,cransonpb@cisco.com,Male,Indonesia
913,Brien,Fosdick,bfosdickpc@trellian.com,Male,China
914,Tadio,Gamil,tgamilpd@eepurl.com,Male,South Korea
915,Melinda,Blackman,mblackmanpe@hhs.gov,Female,Indonesia
916,Addy,Cervantes,acervantespf@yelp.com,Female,Palestinian Territory
917,Ashbey,Southby,asouthbypg@arizona.edu,Male,Morocco
918,Guillema,Dammarell,gdammarellph@issuu.com,Female,Greece
919,Conant,Kunze,ckunzepi@purevolume.com,Male,Serbia
920,Rutter,Philbin,rphilbinpj@oracle.com,Male,Russia
921,Wilmer,Ramirez,wramirezpk@tamu.edu,Male,France
922,Micky,Mudle,mmudlepl@printfriendly.com,Male,China
923,Ashia,Pinckney,apinckneypm@yellowpages.com,Female,United States
924,Henri,Hargess,hhargesspn@foxnews.com,Male,Nigeria
925,Wilt,Franceschielli,wfranceschiellipo@comcast.net,Male,China
926,Jacinthe,Giffon,jgiffonpp@imageshack.us,Female,China
927,Karin,Barnett,kbarnettpq@vinaora.com,Female,Argentina
928,Wells,Nobes,wnobespr@ibm.com,Male,Russia
929,Lou,Boch,lbochps@ftc.gov,Female,Yemen
930,Stephen,Deroche,sderochept@google.com.au,Male,Kenya
931,Sumner,Roberds,sroberdspu@earthlink.net,Male,Russia
932,Licha,Gretham,lgrethampv@youtube.com,Female,Morocco
933,Roarke,Brosi,rbrosipw@huffingtonpost.com,Male,China
934,Merrile,Baline,mbalinepx@techcrunch.com,Female,Argentina
935,Ronald,Adamczewski,radamczewskipy@unblog.fr,Male,Armenia
936,Lorraine,Ivkovic,livkovicpz@whitehouse.gov,Female,Russia
937,Travers,McCaghan,tmccaghanq0@yellowbook.com,Male,Malaysia
938,Marchall,Pycock,mpycockq1@pcworld.com,Male,Russia
939,Helene,Ritzman,hritzmanq2@ameblo.jp,Female,Indonesia
940,Koren,Foldes,kfoldesq3@joomla.org,Female,Indonesia
941,Norbie,Haydney,nhaydneyq4@reuters.com,Male,Indonesia
942,Dion,Cornbill,dcornbillq5@bizjournals.com,Male,Samoa
943,Rosamund,Shreenan,rshreenanq6@rakuten.co.jp,Female,Indonesia
944,Rubie,Murkus,rmurkusq7@marriott.com,Female,Philippines
945,Cecilla,Acheson,cachesonq8@taobao.com,Female,Sudan
946,Arley,Courtman,acourtmanq9@merriam-webster.com,Male,Japan
947,Pru,Jessop,pjessopqa@rakuten.co.jp,Female,China
948,Tristam,Musselwhite,tmusselwhiteqb@1und1.de,Male,Ukraine
949,Talbert,Barstow,tbarstowqc@meetup.com,Male,Norway
950,Julian,Geroldi,jgeroldiqd@multiply.com,Male,Greece
951,Rebecka,Bleackley,rbleackleyqe@usgs.gov,Female,Russia
952,Hester,Beneix,hbeneixqf@storify.com,Female,Poland
953,Winnah,Dulton,wdultonqg@ucla.edu,Female,Uruguay
954,Addia,Pedersen,apedersenqh@seesaa.net,Female,Madagascar
955,Deana,Mazzia,dmazziaqi@elpais.com,Female,China
956,Kaspar,Herion,kherionqj@xinhuanet.com,Male,China
957,Shellysheldon,Farran,sfarranqk@timesonline.co.uk,Male,China
958,Eileen,Helin,ehelinql@mayoclinic.com,Female,Argentina
959,Drona,Bowlands,dbowlandsqm@google.nl,Female,China
960,Suzann,Coverly,scoverlyqn@rambler.ru,Female,China
961,Brook,Kalb,bkalbqo@canalblog.com,Male,Philippines
962,Rutter,Roland,rrolandqp@google.nl,Male,Russia
963,Billy,Exon,bexonqq@godaddy.com,Female,Tunisia
964,Annemarie,Hyder,ahyderqr@dell.com,Female,Indonesia
965,Pegeen,Mulcock,pmulcockqs@dailymail.co.uk,Female,Indonesia
966,Padgett,Scotchmoor,pscotchmoorqt@paypal.com,Male,Poland
967,Idaline,Jellybrand,ijellybrandqu@artisteer.com,Female,France
968,Jarad,Buttel,jbuttelqv@buzzfeed.com,Male,Indonesia
969,Cirillo,Cabedo,ccabedoqw@networksolutions.com,Male,Israel
970,Elaine,Villaret,evillaretqx@yale.edu,Female,Morocco
971,Arlyne,Batten,abattenqy@sogou.com,Female,Armenia
972,Ferguson,Hallatt,fhallattqz@posterous.com,Male,Russia
973,Gladi,Dybald,gdybaldr0@salon.com,Female,Philippines
974,Dodie,Sterte,dsterter1@ebay.co.uk,Female,Sweden
975,Piotr,Aberdeen,paberdeenr2@parallels.com,Male,France
976,Maridel,Ritson,mritsonr3@example.com,Female,Uzbekistan
977,Thomasin,McCroary,tmccroaryr4@wikispaces.com,Female,Belize
978,Kort,Falco,kfalcor5@columbia.edu,Male,Indonesia
979,Windham,Alflat,walflatr6@sakura.ne.jp,Male,New Zealand
980,Pamelina,Wisedale,pwisedaler7@pbs.org,Female,Afghanistan
981,Jefferey,Pidgley,jpidgleyr8@vkontakte.ru,Male,Portugal
982,Hugues,O'Connolly,hoconnollyr9@tumblr.com,Male,Mauritius
983,Roosevelt,Petronis,rpetronisra@cdc.gov,Male,Jordan
984,Cordy,Eastwell,ceastwellrb@umich.edu,Male,Australia
985,Arlene,Linnard,alinnardrc@networksolutions.com,Female,China
986,Tilly,Nary,tnaryrd@mlb.com,Female,Chile
987,Cristian,Iacobassi,ciacobassire@gov.uk,Male,Poland
988,Terrel,Berrygun,tberrygunrf@sitemeter.com,Male,China
989,Janos,Lindop,jlindoprg@bloomberg.com,Male,Philippines
990,Sandy,Claypool,sclaypoolrh@zdnet.com,Male,China
991,Corrinne,Folley,cfolleyri@telegraph.co.uk,Female,Poland
992,Ester,Cottingham,ecottinghamrj@guardian.co.uk,Female,United Kingdom
993,Bren,Prayer,bprayerrk@toplist.cz,Male,Russia
994,Dotty,Layzell,dlayzellrl@psu.edu,Female,Czech Republic
995,Leslie,Pyecroft,lpyecroftrm@storify.com,Female,Yemen
996,Olivero,Week,oweekrn@trellian.com,Male,Israel
997,Nickolai,Uff,nuffro@nationalgeographic.com,Male,Indonesia
998,Pincas,Darlaston,pdarlastonrp@pbs.org,Male,Armenia
999,Lacee,Olivas,lolivasrq@pagesperso-orange.fr,Female,Colombia
1000,Becka,Gerriet,bgerrietrr@ox.ac.uk,Female,Indonesia
